2021-05-11 10:15:10,50,5000
2021-05-11 10:15:10,50,5000
2021-05-11 10:15:10,50,5000
2565-05-13 12:49:09,11,1100.0
2022-05-13 12:51:15,40,4000.0
2565-05-16 13:43:19,50,5000.0
2565-05-16 13:45:25,50,5000.0
2565-05-16 13:46:19,60,6000.0
2565-05-16 13:47:10,20,2000.0
2565-05-16 13:47:19,20,2000.0
2565-05-16 13:47:34,50,5000.0
2565-05-19 11:28:19,9,900.0
2565-05-19 11:55:08,50,5000.0
2565-05-19 11:55:44,50,5000.0
2565-05-19 11:55:49,60,6000.0
2565-05-19 11:56:22,15,1500.0
2565-05-19 11:57:57,15,1500.0
2565-05-19 11:57:59,15,1500.0
2565-05-19 11:58:02,20,2000.0
2565-05-19 11:58:04,20,2000.0
2565-05-19 12:01:58,50,5000.0
2565-05-19 12:02:03,40,4000.0
2565-05-19 12:02:09,50,5000.0
2565-05-19 12:02:13,7,700.0
2565-05-19 12:02:26,60,6000.0
2565-05-19 12:02:30,4,400.0
